<?xml version="1.0" encoding="UTF-8"?>
<project-private xmlns="http://www.netbeans.org/ns/project-private/1">
    <editor-bookmarks xmlns="http://www.netbeans.org/ns/editor-bookmarks/2" lastBookmarkId="0"/>
    <open-files xmlns="http://www.netbeans.org/ns/projectui-open-files/2">
        <group>
            <file>file:/C:/Users/maton/OneDrive/Documents/NetBeansProjects/JobApplicationTrackingSystem/src/java/za/ac/tut/entities/Applicant.java</file>
            <file>file:/C:/Users/maton/OneDrive/Documents/NetBeansProjects/JobApplicationTrackingSystem/src/java/za/ac/tut/ejb/bl/ApplicantFacadeLocal.java</file>
            <file>file:/C:/Users/maton/OneDrive/Documents/NetBeansProjects/JobApplicationTrackingSystem/src/java/za/ac/tut/ReplyServlet.java</file>
            <file>file:/C:/Users/maton/OneDrive/Documents/NetBeansProjects/JobApplicationTrackingSystem/web/Login.jsp</file>
            <file>file:/C:/Users/maton/OneDrive/Documents/NetBeansProjects/JobApplicationTrackingSystem/web/viewApplicantOutcome.jsp</file>
            <file>file:/C:/Users/maton/OneDrive/Documents/NetBeansProjects/JobApplicationTrackingSystem/web/ReplyApplicant.jsp</file>
            <file>file:/C:/Users/maton/OneDrive/Documents/NetBeansProjects/JobApplicationTrackingSystem/web/postJobOutcome.jsp</file>
            <file>file:/C:/Users/maton/OneDrive/Documents/NetBeansProjects/JobApplicationTrackingSystem/web/application.jsp</file>
            <file>file:/C:/Users/maton/OneDrive/Documents/NetBeansProjects/JobApplicationTrackingSystem/src/java/za/ac/tut/postJobServlet.java</file>
            <file>file:/C:/Users/maton/OneDrive/Documents/NetBeansProjects/JobApplicationTrackingSystem/src/java/za/ac/tut/jobApplyServlet.java</file>
            <file>file:/C:/Users/maton/OneDrive/Documents/NetBeansProjects/JobApplicationTrackingSystem/src/java/za/ac/tut/viewJobsServlet.java</file>
            <file>file:/C:/Users/maton/OneDrive/Documents/NetBeansProjects/JobApplicationTrackingSystem/src/java/za/ac/tut/replyApplicantServlet.java</file>
            <file>file:/C:/Users/maton/OneDrive/Documents/NetBeansProjects/JobApplicationTrackingSystem/src/java/za/ac/tut/ejb/bl/ApplicantFacade.java</file>
            <file>file:/C:/Users/maton/OneDrive/Documents/NetBeansProjects/JobApplicationTrackingSystem/src/java/za/ac/tut/LogoutServlet.java</file>
            <file>file:/C:/Users/maton/OneDrive/Documents/NetBeansProjects/JobApplicationTrackingSystem/web/LoginError.jsp</file>
            <file>file:/C:/Users/maton/OneDrive/Documents/NetBeansProjects/JobApplicationTrackingSystem/web/viewApplicants.jsp</file>
            <file>file:/C:/Users/maton/OneDrive/Documents/NetBeansProjects/JobApplicationTrackingSystem/web/glassfish-web.xml</file>
            <file>file:/C:/Users/maton/OneDrive/Documents/NetBeansProjects/JobApplicationTrackingSystem/web/jobApply1.jsp</file>
            <file>file:/C:/Users/maton/OneDrive/Documents/NetBeansProjects/JobApplicationTrackingSystem/src/java/za/ac/tut/ejb/bl/JobFacade.java</file>
            <file>file:/C:/Users/maton/OneDrive/Documents/NetBeansProjects/JobApplicationTrackingSystem/src/conf/persistence.xml</file>
            <file>file:/C:/Users/maton/OneDrive/Documents/NetBeansProjects/JobApplicationTrackingSystem/web/viewJobs.jsp</file>
            <file>file:/C:/Users/maton/OneDrive/Documents/NetBeansProjects/JobApplicationTrackingSystem/web/viewJobsOutcome.jsp</file>
            <file>file:/C:/Users/maton/OneDrive/Documents/NetBeansProjects/JobApplicationTrackingSystem/src/java/za/ac/tut/viewApplicantServlet.java</file>
            <file>file:/C:/Users/maton/OneDrive/Documents/NetBeansProjects/JobApplicationTrackingSystem/src/java/za/ac/tut/trackApplicationServlet.java</file>
            <file>file:/C:/Users/maton/OneDrive/Documents/NetBeansProjects/JobApplicationTrackingSystem/src/java/za/ac/tut/ejb/bl/AbstractFacade.java</file>
            <file>file:/C:/Users/maton/OneDrive/Documents/NetBeansProjects/JobApplicationTrackingSystem/web/trackApplicationOutcome.jsp</file>
            <file>file:/C:/Users/maton/OneDrive/Documents/NetBeansProjects/JobApplicationTrackingSystem/web/replyApplicants.jsp</file>
            <file>file:/C:/Users/maton/OneDrive/Documents/NetBeansProjects/JobApplicationTrackingSystem/web/trackApplication.jsp</file>
            <file>file:/C:/Users/maton/OneDrive/Documents/NetBeansProjects/JobApplicationTrackingSystem/src/java/za/ac/tut/jobApplyServlet1.java</file>
            <file>file:/C:/Users/maton/OneDrive/Documents/NetBeansProjects/JobApplicationTrackingSystem/web/jobApplyOutcome.jsp</file>
            <file>file:/C:/Users/maton/OneDrive/Documents/NetBeansProjects/JobApplicationTrackingSystem/src/java/za/ac/tut/viewApplicants.java</file>
            <file>file:/C:/Users/maton/OneDrive/Documents/NetBeansProjects/JobApplicationTrackingSystem/web/index.html</file>
            <file>file:/C:/Users/maton/OneDrive/Documents/NetBeansProjects/JobApplicationTrackingSystem/web/WEB-INF/web.xml</file>
            <file>file:/C:/Users/maton/OneDrive/Documents/NetBeansProjects/JobApplicationTrackingSystem/src/java/za/ac/tut/ejb/bl/JobFacadeLocal.java</file>
        </group>
    </open-files>
</project-private>
